{
  "frames": {
    "PlayerCube.png": {
      "frame": {
        "x": 0,
        "y": 0,
        "w": 48,
        "h": 48
      },
      "rotated": false,
      "trimmed": false,
      "spriteSourceSize": {
        "x": 0,
        "y": 0,
        "w": 48,
        "h": 48
      },
      "sourceSize": {
        "w": 48,
        "h": 48
      },
      "pivot": {
        "x": 0.5,
        "y": 0.5
      }
    },
    "wave.png": {
      "frame": {
        "x": 48,
        "y": 0,
        "w": 48,
        "h": 48
      },
      "rotated": false,
      "trimmed": false,
      "spriteSourceSize": {
        "x": 0,
        "y": 0,
        "w": 48,
        "h": 48
      },
      "sourceSize": {
        "w": 48,
        "h": 48
      },
      "pivot": {
        "x": 0.5,
        "y": 0.5
      }
    }
  },
  "meta": {
    "app": "http://free-tex-packer.com",
    "version": "0.6.7",
    "image": "PlayerImage.png",
    "format": "RGBA8888",
    "size": {
      "w": 96,
      "h": 48
    },
    "scale": 1
  }
}